FILE NAME,ERROR EXPLAINED
00640-0015 & 0016.xls,Pas d'identifiant dans le nom du fichier
01710-4905 CC 102468.xls,Pas d'identifiant dans le nom du fichier
00620_3342 & 3409 & 3410.xls,Pas d'identifiant dans le nom du fichier
01110-0900.xls,Pas d'identifiant dans le nom du fichier
01101-4828  CC 101049.xls,Pas d'identifiant dans le nom du fichier
01110-5388.xls,Pas d'identifiant dans le nom du fichier
01001-6144 - 6145 & 6164.xls,Pas d'identifiant dans le nom du fichier
01109-0105.xls,Pas d'identifiant dans le nom du fichier
01710-4951.xls,Pas d'identifiant dans le nom du fichier
01001-5723 & 5724 imp & uni.xls,Pas d'identifiant dans le nom du fichier
